,popularity,release,danceability,energy,key,mode,valence,tempo,duration_ms
count,109269.0,109269.0,109269.0,109269.0,109269.0,109269.0,109269.0,109269.0,109269.0
mean,35.08060840677594,2005.8409429938959,0.5204489324511069,0.6671618072536585,5.284078741454575,0.6246693938811557,0.44550368860335504,122.75303161006326,242504.6360907485
std,14.756257502969774,13.357853665220269,0.1730082821209202,0.24137171453171347,3.560796821393267,0.48421037570485653,0.25215881586790023,28.997935816334184,100335.97713441905
min,0.0,1899.0,0.0,0.0,0.0,0.0,0.0,0.0,7229.0
25%,25.0,2001.0,0.403,0.502,2.0,0.0,0.236,100.194,193481.0
50%,34.0,2011.0,0.528,0.7120000000000001,5.0,1.0,0.424,121.079,227533.0
75%,45.0,2016.0,0.645,0.872,9.0,1.0,0.639,140.047,271533.0
max,95.0,2019.0,0.988,1.0,11.0,1.0,0.998,242.903,4995315.0
